Erika,echacon@ibm.com,500 MEGAS + WIFI,54113546432
Claudio,casillo@ibm.com,300 MEGAS + WIFI,1234567
Camila,camila.codina@ibm.com,300 MEGAS + WIFI,54113546432
Camila,camila.codina@ibm.com,300 MEGAS + WIFI,54113546432
Cami,camila.codina@ibm.com,200 MEGAS + WIFI,3546432
Camila,Camila.Codina@ibm.com,500 MEGAS + WIFI,3546432
Airy,mail@mail.com,500 MEGAS + WIFI,1234567
Marina,mari@ibm.com,500 MEGAS + WIFI,3546432
Happs,happs@devs.com,300 MEGAS + WIFI,23456
Marina,marina@matsuno.com.ar,500 MEGAS + WIFI,69420
claudio,casillo@ibm.com,300 MEGAS + WIFI,3546432
galletita,galletita@rica.com,500 MEGAS + WIFI,23456787564
galletita,mail@mail.com,500 MEGAS + WIFI,3546432
Pikachu,pichachu@oficial.com,500 MEGAS + WIFI,12349887
Doraemon,dora@poke.com,200 MEGAS + WIFI,3546432
pokebola,tp@pokemon.com,300 MEGAS + WIFI,23456
Cam,camy.codi@gmail.com,300 MEGAS + WIFI,1234567
Cam,camila.codina@ibm.com,500 MEGAS + WIFI,3546432
sdfghj,add@vdf.com,200 MEGAS + WIFI,54113546432846238464374632846234783647823642836538732
Camila,c.amy.c.odi@gmail.com,500 MEGAS + WIFI,1234567
Cam,camila.codina@ibm.com,300 MEGAS + WIFI,3546432
TektonCpAppsDemo,camila.codina@ibm.com,500 MEGAS + WIFI,3546432
